<Mood>
  <Light EnableStars="0" Latitude="48" DayTime01="0.15" LocalLightX="0.9" HelperHdrX="0.25">
    <LAmbient Color="bbccff" Scale="0.6"/>
    <LDirSun Color="000000" Scale="1"/>
	<LDirMoon Color="91a4ff" Scale="0.3"/>
    <T3SpecularLocal ScaleIntens="2" ScaleExponent="1"/>
	<T3LightMap MaxHDR="1.4" BounceFactor="2" SkyFactor="1" SkyUseClouds="1"/>
  </Light>
  <Atmo MoonHdrScale="1" FxSmSelfIllumScaleGamePlay="1">
    <HdrSun Power="10000">
      <Atmo1 Power="20" Color="000000" Scale="0.105001"/>
      <Atmo2 Power="2" Color="000000" Scale="0.0481005"/>
    </HdrSun>
    <Clouds MinRgb="000000" MinRgbX="1" MaxRgb="ffffff" MaxRgbX="1.00001" GodLightIntens="0" SunThroughIntens="0.75">
      <EdgeLight>
        <Layer0 Power="32" Scale="20"/>
        <Layer1 Power="8" Scale="4"/>
        <Layer2 Power="2" Scale="2"/>
      </EdgeLight>
    </Clouds>
    <CloudsX2 MinRgb="ffffff" MinRgbX="0.208002" MaxRgb="ffffff" MaxRgbX="0.812008"/>
    <CloudsVortex MinRgb="060709" MaxRgb="171726"/>
    <FogMatter Count="0"/>
  </Atmo>
  <Fog Enabled="0" DepthMin="16" DepthMax="4000" Exponant="0.7" IntensMin="0" IntensMax="0.95" Color="0e0e12">
    <Height YBottom="-500" YTop="800" MulBottom="0.898" MulTop="0.372"/>
    <Clouds DepthMax="45000" Exponant="1.3" IntensMax="0.95"/>
    <SkyClouds GlobalIntens="0"/>
  </Fog>
  <Fx>
    <T3Bloom StreaksIntens="0.2" StreaksAttenuation="0.6">
      <HdrNorm_to_Intens>
        <Key In="0" Out="0"/>
        <Key In="1.5" Out="0"/>
        <Key In="2" Out="0.4"/>
        <Key In="6" Out="0.45"/>
        <Key In="64" Out="0.01"/>
      </HdrNorm_to_Intens>
    </T3Bloom>
    <T3ToneMap FilmCurve="Preset1">
      <AutoExp MinExposure="0" MaxExposure="0" SecondsToMidFalloff="1">
        <AvgLumi_to_KeyValue>
          <Key In="0.001" Out="0.02"/>
          <Key In="0.002" Out="0.025"/>
          <Key In="0.005" Out="0.03"/>
          <Key In="0.025" Out="0.07"/>
        </AvgLumi_to_KeyValue>
      </AutoExp>
    </T3ToneMap>
    <ColorGrading FileName="" Intensity="1"/>
  </Fx>
</Mood>